{
  "IcoMoonType": "selection",
  "icons": [
    {
      "icon": {
        "paths": [
          "M982 512l-104-120 14-156-154-36-80-136-146 62-146-62-80 136-154 34 14 158-104 120 104 120-14 156 154 36 80 136 146-62 146 62 80-136 154-36-14-156zM430 714l-162-164 64-62 98 100 250-252 64 64z"
        ],
        "attrs": [],
        "isMulticolor": false,
        "isMulticolor2": false,
        "tags": [
          "verified"
        ],
        "grid": 24
      },
      "attrs": [],
      "properties": {
        "ligatures": "verified",
        "id": 1375,
        "order": 6,
        "prevSize": 24,
        "name": "verified"
      },
      "setIdx": 1,
      "setId": 0,
      "iconIdx": 1375
    },
    {
      "icon": {
        "paths": [
          "M570 854l24 84h-380q-36 0-61-25t-25-59v-598q0-36 25-61t61-25h42v-84h86v84h340v-84h86v84h42q36 0 61 25t25 61v380l-86-24v-186h-596v428h356zM926 908l-138-138 108-44-298-86 84 298 46-106 138 136zM512 726v-214h-214v214h214z"
        ],
        "attrs": [],
        "isMulticolor": false,
        "isMulticolor2": false,
        "tags": [
          "book_online"
        ],
        "grid": 24
      },
      "attrs": [],
      "properties": {
        "ligatures": "book_online",
        "id": 1389,
        "order": 4,
        "prevSize": 24,
        "name": "request"
      },
      "setIdx": 1,
      "setId": 0,
      "iconIdx": 1389
    }
  ],
  "height": 1024,
  "preferences": {
    "showGlyphs": true,
    "showQuickUse": true,
    "showQuickUse2": true,
    "showSVGs": true,
    "fontPref": {
      "prefix": "icon-",
      "metadata": {
        "fontFamily": "icomoon"
      },
      "metrics": {
        "emSize": 1024,
        "baseline": 6.25,
        "whitespace": 50
      },
      "embed": false
    },
    "imagePref": {
      "prefix": "icon-",
      "png": true,
      "useClassSelector": true,
      "color": 0,
      "bgColor": 16777215,
      "classSelector": ".icon",
      "name": "icomoon"
    },
    "historySize": 50,
    "showCodes": true,
    "gridSize": 16
  }
}